{"Roll": 3.141428009555158, "Pitch": 3.141428009555158, "Yaw": 2.9511779127615854}