{"Roll": -0.7853570023887895, "Pitch": 1.0471426698517192, "Yaw": 1.3089283373146492}